brands,bucketed_dwell_times,category_tags,city,date_range_end,date_range_start,device_type,distance_from_home,enclosed,geometry_type,includes_parking_lot,is_synthetic,iso_country_code,latitude,location_name,longitude,median_dwell,naics_code,normalized_visits_by_region_naics_visitors,normalized_visits_by_region_naics_visits,normalized_visits_by_state_scaling,normalized_visits_by_total_visitors,normalized_visits_by_total_visits,open_hours,parent_placekey,phone_number,placekey,poi_cbg,polygon_class,polygon_wkt,popularity_by_day,popularity_by_hour,postal_code,raw_visit_counts,raw_visitor_counts,region,related_same_day_brand,related_same_month_brand,safegraph_brand_ids,store_id,street_address,sub_category,top_category,visitor_country_of_origin,visitor_daytime_cbgs,visitor_home_aggregation,visitor_home_cbgs,visits_by_day,websites,wkt_area_sq_meters
KFC,"""{ \""<5\"":4, \""5-20\"":0, \""21-60\"":1, \""61-240\"":0, \"">240\"":0}""","Breakfast,Catering,Counter Service,Dinner,Drive Through,Fast Food,Fried Chicken,Lunch",Bullhead City,2022-06-01 00:00:00,2022-05-01 00:00:00,"""{\""android\"":4,\""ios\"":4}""",2150.0,false,POLYGON,false,false,US,35.101456,KFC,-114.594567,5.0,722513.0,5.7293654802766955e-05,3.0376434037277157e-05,79.0,1.6030535589382968e-05,5.186129387867279e-07,"""{ \""Mon\"": [[\""10:30\"", \""22:00\""]], \""Tue\"": [[\""10:30\"", \""22:00\""]], \""Wed\"": [[\""10:30\"", \""22:00\""]], \""Thu\"": [[\""10:30\"", \""22:00\""]], \""Fri\"": [[\""10:30\"", \""22:00\""]], \""Sat\"": [[\""10:30\"", \""22:00\""]], \""Sun\"": [[\""10:30\"", \""22:00\""]] }""",None,19287632111.0,zzw-223@5z9-brd-zj9,40159515011.0,SHARED_POLYGON,"POLYGON ((-114.59467120260103 35.10142479739896, -114.59451242437011 35.1015835756299, -114.59441510199997 35.10148395300007, -114.59454404699994 35.10140174000003, -114.59459348499996 35.101406446000055, -114.59460125099997 35.10135319300008, -114.59467120260103 35.10142479739896))","""{\""Monday\"":1,\""Tuesday\"":0,\""Wednesday\"":2,\""Thursday\"":1,\""Friday\"":0,\""Saturday\"":0,\""Sunday\"":1}""","""[0,0,0,0,0,0,0,0,0,0,0,2,1,0,0,0,1,0,0,0,0,0,0,0]""",86442,5.0,5.0,AZ,"""{\""Sears Home Services\"":5,\""Chevron\"":2,\""Health Mart\"":1,\""CosmoProf\"":1,\""Fastrip\"":1,\""Panda Express\"":1,\""Circle K\"":1,\""CVS\"":1,\""AutoZone\"":1,\""Allied Cash Advance\"":1}""","""{\""Sears Home Services\"":5,\""Chevron\"":5,\""Western Union\"":4,\""Best Western\"":4,\""Circle K\"":4,\""McDonald's\"":3,\""Texaco\"":3,\""Maverik\"":3,\""CVS\"":3,\""Health Street\"":3,\""CVS Pharmacy\"":3,\""Walmart\"":3,\""Terrible Herbst\"":3,\""Sonic\"":3,\""Jack in the Box\"":3,\""Subway\"":3,\""Sinclair Oil\"":2,\""Smith's Food & Drug Stores\"":2,\""Optimum\"":2}""",SG_BRAND_75e52dcc790fbad91ae83227c0fb6e2f,None,2350 Miracle Mile,Limited-Service Restaurants,Restaurants and Other Eating Places,"""{\""US\"":5}""",None,"""{\""04015951502\"":4}""","""{\""040159515022\"":4}""","""[1,0,0,2,0,0,0,0,1,0,0,1,0,0,0,0,0,0,0,0,0,0,0,0,0,0,0,0,0,0,0]""",kfc.com,250.0
Rally's Drive-In Restaurants,"""{ \""<5\"":8, \""5-20\"":0, \""21-60\"":0, \""61-240\"":0, \"">240\"":0}""","Burgers,Dinner,Drive Through,Fast Food,Lunch",Phoenix,2022-02-01 00:00:00,2022-01-01 00:00:00,"""{\""android\"":7}""",8809.0,false,POLYGON,false,false,US,33.639629,Rally's Drive-In Restaurants,-112.081824,1.0,722513.0,0.00012186992145902671,6.677244989636667e-05,154.0,3.0523825870965344e-05,1.3083639658043049e-06,"""{ \""Mon\"": [[\""10:00\"", \""24:00\""]], \""Tue\"": [[\""10:00\"", \""24:00\""]], \""Wed\"": [[\""10:00\"", \""24:00\""]], \""Thu\"": [[\""10:00\"", \""24:00\""]], \""Fri\"": [[\""10:00\"", \""24:00\""]], \""Sat\"": [[\""0:00\"", \""1:00\""], [\""10:00\"", \""24:00\""]], \""Sun\"": [[\""0:00\"", \""1:00\""], [\""10:00\"", \""24:00\""]] }""",None,16029422930.0,224-223@5zb-wx4-87q,40131036042.0,OWNED_POLYGON,"POLYGON ((-112.08176939999998 33.63974179400003, -112.08175608699997 33.63952050100005, -112.08187806199999 33.639515510000024, -112.08189137599999 33.63973680400005, -112.08176939999998 33.63974179400003))","""{\""Monday\"":2,\""Tuesday\"":2,\""Wednesday\"":0,\""Thursday\"":1,\""Friday\"":1,\""Saturday\"":0,\""Sunday\"":2}""","""[0,0,0,0,0,0,0,0,1,1,0,0,2,0,1,0,0,1,0,0,0,1,1,0]""",85023,8.0,8.0,AZ,"""{\""Circle K\"":4,\""Western Union\"":2,\""The Home Depot\"":2,\""McDonald's\"":2,\""The Home Depot Rental\"":2,\""Costco Optical\"":1,\""Walmart\"":1,\""Burger King\"":1,\""Walmart Photo Center\"":1,\""Discount Tire\"":1,\""Shell Oil\"":1,\""QuikTrip\"":1,\""AT&T\"":1,\""Chase\"":1,\""Walmart Vision Center\"":1,\""Walmart Auto Care Center\"":1,\""Sinclair Oil\"":1,\""AMC Entertainment\"":1,\""Dollar Tree\"":1}""","""{\""Western Union\"":8,\""Walmart\"":6,\""Circle K\"":6,\""Walmart Vision Center\"":6,\""Walmart Pharmacy\"":6,\""Walgreens\"":5,\""Fry's Food & Drug Stores\"":5,\""Shell Oil\"":5,\""Walmart Photo Center\"":5,\""Kroger Pharmacy\"":5,\""Starbucks\"":5,\""Walgreens Pharmacy\"":5,\""Jackson Hewitt Tax Service\"":4,\""Pizza Hut\"":4,\""Keyme Kiosk\"":4,\""Target\"":3,\""CVS\"":3,\""McDonald's\"":3,\""Safeway\"":3}""",SG_BRAND_c9d830782ede12dd874be6339b79c17a,None,617 W Bell Rd,Limited-Service Restaurants,Restaurants and Other Eating Places,"""{\""US\"":8}""",None,"""{\""04013104203\"":4}""","""{\""040131042033\"":4}""","""[0,0,1,0,0,0,0,0,0,0,0,0,0,0,0,1,0,1,0,1,1,0,0,1,1,0,0,0,0,1,0]""",rallys.com,278.0
MrBeast Burger,"""{ \""<5\"":15, \""5-20\"":2, \""21-60\"":0, \""61-240\"":3, \"">240\"":11}""","Beverages,Burgers,Chicken,Meats,Snacks",Beaverton,2022-06-01 00:00:00,2022-05-01 00:00:00,"""{\""android\"":7,\""ios\"":7}""",6839.0,false,POLYGON,false,false,US,45.489738,MrBeast Burger,-122.799173,492.0,722513.0,0.000987312710518773,0.0005490454093754785,476.0,0.00020393835352341722,9.273827420641676e-06,None,zzw-222@5xc-kgx-z9f,None,22g-222@5xc-kgx-z9f,410670313001.0,SHARED_POLYGON,"POLYGON ((-122.79911868789169 45.4897986820005, -122.79908943706897 45.489690778965574, -122.7993170582101 45.48962947354718, -122.79937010710589 45.489730474102096, -122.79911868789169 45.4897986820005))","""{\""Monday\"":7,\""Tuesday\"":4,\""Wednesday\"":3,\""Thursday\"":1,\""Friday\"":7,\""Saturday\"":4,\""Sunday\"":5}""","""[0,0,0,1,2,1,1,8,5,5,2,3,10,6,4,2,6,6,10,6,5,0,0,1]""",97005,31.0,14.0,OR,"""{\""9Round\"":8,\""Wingstop\"":7,\""Geico\"":5,\""Western Union\"":4,\""Safeway\"":2,\""New Seasons Market\"":2,\""Shell Oil\"":2,\""Salt & Straw\"":2,\""Starbucks\"":2,\""Kroger Pharmacy\"":1,\""Red Robin Gourmet Burgers\"":1,\""Biscuits Cafe\"":1,\""Boost Mobile\"":1,\""Papa Murphy's\"":1,\""Shake Shack\"":1,\""Taco Bell\"":1,\""Black Rock Coffee\"":1,\""Hertz\"":1,\""7-Eleven\"":1}""","""{\""Starbucks\"":13,\""Wingstop\"":12,\""Western Union\"":11,\""Safeway\"":10,\""Salt & Straw\"":10,\""Shell Oil\"":9,\""CVS\"":9,\""9Round\"":9,\""Lucky Brand\"":8,\""Fred Meyer\"":8,\""Tumi\"":8,\""CVS Pharmacy\"":8,\""L'Occitane\"":7,\""LensCrafters\"":7,\""See's Candies\"":7,\""Na Hoku\"":7,\""85 Degrees C Bakery Cafe\"":7,\""Indochino\"":7,\""Bergman luggage\"":7}""",SG_BRAND_41328986df090c9e,180528.0,4105 SW 117th Ave Ste F,Limited-Service Restaurants,Restaurants and Other Eating Places,"""{\""US\"":14}""",None,None,None,"""[1,2,1,0,0,3,2,1,2,0,2,1,1,1,2,0,2,0,0,2,1,1,2,1,1,0,1,0,0,1,0]""",mrbeastburger.com,240.0
Papa John's,"""{ \""<5\"":22, \""5-20\"":3, \""21-60\"":0, \""61-240\"":1, \"">240\"":0}""","Counter Service,Dinner,Late Night,Lunch,Pizza,Take Out and Delivery Only",Winnipeg,2022-06-01 00:00:00,2022-05-01 00:00:00,"""{\""ios\"":8,\""android\"":7}""",6637.0,false,POLYGON,false,false,CA,49.938554,Papa John's,-97.094198,9.0,722513.0,0.006816574124797373,0.003998972422849865,2022.0,0.0024162144967965265,0.0002277097140216134,"""{ \""Mon\"": [[\""11:00\"", \""23:00\""]], \""Tue\"": [[\""11:00\"", \""23:00\""]], \""Wed\"": [[\""11:00\"", \""23:00\""]], \""Thu\"": [[\""11:00\"", \""23:00\""]], \""Fri\"": [[\""11:00\"", \""24:00\""]], \""Sat\"": [[\""0:00\"", \""1:00\""], [\""11:00\"", \""24:00\""]], \""Sun\"": [[\""0:00\"", \""1:00\""], [\""11:00\"", \""23:00\""]] }""",None,14313173377.0,222-222@5rf-zpx-jvz,None,SHARED_POLYGON,"POLYGON ((-97.09404288326962 49.93862642399294, -97.09409992760686 49.93842723638917, -97.094569 49.938561, -97.094444 49.938742, -97.09404288326962 49.93862642399294))","""{\""Monday\"":6,\""Tuesday\"":2,\""Wednesday\"":6,\""Thursday\"":5,\""Friday\"":4,\""Saturday\"":2,\""Sunday\"":1}""","""[0,0,0,0,0,0,0,0,2,2,1,4,3,0,1,1,3,2,4,0,1,1,0,1]""",R2G 1L1,26.0,15.0,MB,"""{\""Sylvan Learning\"":5,\""Shoppers Drug Mart\"":4,\""Bell\"":4,\""Mary Browns Chicken and Taters\"":2,\""Tim Hortons\"":2,\""Sobeys Pharmacy\"":2,\""Western Union\"":2,\""Freshii\"":2,\""Shell Oil\"":2,\""Tbooth Wireless\"":2,\""7-Eleven\"":2,\""Starbucks\"":2,\""Manitoba Liquor Mart & Liquor Mart Express\"":2,\""Impark\"":2,\""SoftMoc\"":1,\""Pearle Vision\"":1,\""Carter's\"":1,\""Think Kitchen\"":1,\""H&R Block\"":1}""","""{\""Subway\"":15,\""Tbooth Wireless\"":14,\""McDonald's\"":13,\""Manitoba Liquor Mart & Liquor Mart Express\"":13,\""Western Union\"":12,\""A&W (Canada)\"":12,\""Impark\"":11,\""Bell\"":11,\""Sylvan Learning\"":11,\""Tim Hortons\"":11,\""Second Cup\"":10,\""Shoppers Drug Mart\"":10,\""7-Eleven\"":10,\""Petro-Canada\"":10,\""Telus Communications\"":10,\""chatr Mobile\"":10,\""Dollarama\"":9,\""Rogers Communications\"":9,\""Walmart Vision Center\"":9}""",SG_BRAND_2bc3b742e1d5eb8993fb301179f1700b,37038246.0,1122 Henderson Hwy,Limited-Service Restaurants,Restaurants and Other Eating Places,"""{\""CA\"":15}""",None,None,None,"""[0,2,0,1,1,0,0,0,1,1,1,1,2,1,0,1,0,3,1,0,0,0,1,0,1,2,2,1,1,1,1]""",papajohns.com,751.0
Pizza Hut,"""{ \""<5\"":29, \""5-20\"":1, \""21-60\"":1, \""61-240\"":3, \"">240\"":0}""","Catering,Counter Service,Dinner,Lunch,Pizza,Take Out and Delivery Only",Columbus,2022-02-01 00:00:00,2022-01-01 00:00:00,"""{\""ios\"":16,\""android\"":6}""",4569.0,false,POLYGON,false,false,US,39.982396,Pizza Hut,-82.809921,7.0,722513.0,0.00041028934869441307,0.00028233314599255594,658.0,6.836111096564801e-05,4.316950492164512e-06,"""{ \""Mon\"": [[\""11:00\"", \""22:00\""]], \""Tue\"": [[\""11:00\"", \""22:00\""]], \""Wed\"": [[\""11:00\"", \""22:00\""]], \""Thu\"": [[\""11:00\"", \""22:00\""]], \""Fri\"": [[\""11:00\"", \""23:00\""]], \""Sat\"": [[\""11:00\"", \""23:00\""]], \""Sun\"": [[\""11:00\"", \""22:00\""]] }""",None,16143280302.0,225-223@63j-x3p-vs5,390490093901.0,OWNED_POLYGON,"POLYGON ((-82.80999228781235 39.98249158370922, -82.80988078759972 39.98250054325812, -82.80984725998704 39.9823001592295, -82.80996278351319 39.98228914443021, -82.80999228781235 39.98249158370922))","""{\""Monday\"":6,\""Tuesday\"":5,\""Wednesday\"":3,\""Thursday\"":3,\""Friday\"":7,\""Saturday\"":7,\""Sunday\"":3}""","""[1,0,0,0,0,0,0,0,1,1,2,4,2,7,4,1,4,4,3,7,1,2,0,1]""",43004,34.0,22.0,OH,"""{\""Boost Mobile\"":13,\""Allstate Insurance\"":7,\""Speedway\"":4,\""Sunoco\"":3,\""Jersey Mike's\"":3,\""Half Price Books\"":2,\""Meijer\"":2,\""Hertz\"":2,\""Marathon\"":2,\""Torrid\"":2,\""Hand and Stone\"":2,\""Shoe Dept Encore\"":2,\""Meijer Gas Station\"":2,\""Sally Beauty Supply\"":2,\""Sheetz\"":2,\""Western Union\"":1,\""U.S. Bank\"":1,\""Cosi\"":1,\""United States Postal Service (USPS)\"":1}""","""{\""Western Union\"":18,\""Starbucks\"":15,\""Boost Mobile\"":15,\""DHL Express\"":13,\""Speedway\"":12,\""Hertz\"":12,\""Kroger Pharmacy\"":11,\""Kroger\"":11,\""Duchess\"":10,\""Walmart\"":10,\""Shell Oil\"":9,\""Subway\"":9,\""McDonald's\"":9,\""Meijer\"":9,\""Jersey Mike's\"":9,\""Allstate Insurance\"":9,\""BP\"":8,\""Marathon\"":8,\""The Little Clinic\"":8}""",SG_BRAND_1f2a4b730dc533366115ba7f5168b074,15919651.0,7183 E Broad St,Limited-Service Restaurants,Restaurants and Other Eating Places,"""{\""US\"":22}""","""{\""390490073962\"":4}""","""{\""39049007395\"":4,\""39049009390\"":4,\""39089756202\"":4,\""39049007396\"":4}""","""{\""390490093901\"":4,\""390490073951\"":4,\""390490073962\"":4}""","""[2,0,0,0,0,0,2,0,1,1,1,2,3,2,2,2,3,2,1,0,0,1,0,0,2,0,0,3,2,0,2]""",pizzahut.com,219.0
241 Pizza,"""{ \""<5\"":19, \""5-20\"":2, \""21-60\"":2, \""61-240\"":2, \"">240\"":60}""","Chicken Wings,Dinner,Lunch,Pizza,Salad,Snacks,Take Out and Delivery Only",Mississauga,2022-02-01 00:00:00,2022-01-01 00:00:00,"""{\""android\"":21,\""ios\"":4}""",5556.0,false,POLYGON,false,false,CA,43.559273,241 Pizza,-79.586758,1404.0,722513.0,0.004852084336914754,0.002048782309444533,8158.0,0.0013520783929522214,8.079012072887124e-05,"""{ \""Mon\"": [[\""11:00\"", \""22:00\""]], \""Tue\"": [[\""11:00\"", \""22:00\""]], \""Wed\"": [[\""11:00\"", \""22:00\""]], \""Thu\"": [[\""11:00\"", \""22:00\""]], \""Fri\"": [[\""11:00\"", \""23:00\""]], \""Sat\"": [[\""11:00\"", \""23:00\""]], \""Sun\"": [[\""11:00\"", \""22:00\""]] }""",None,None,225-224@665-zjz-t5f,None,SHARED_POLYGON,"POLYGON ((-79.586622 43.559193, -79.586842 43.559303, -79.586697 43.559456, -79.586472 43.559344, -79.586584 43.559226, -79.586485 43.559176, -79.586601 43.559054, -79.586705 43.559106, -79.586622 43.559193))","""{\""Monday\"":14,\""Tuesday\"":13,\""Wednesday\"":7,\""Thursday\"":12,\""Friday\"":11,\""Saturday\"":17,\""Sunday\"":11}""","""[56,48,52,49,51,53,54,54,48,48,45,42,44,46,45,49,50,52,45,46,49,52,51,51]""",L5G 3H2,85.0,24.0,ON,"""{\""Western Union\"":8,\""Canada Post\"":7,\""Pizza Nova\"":5,\""Freedom Mobile\"":4,\""chatr Mobile\"":4,\""Tim Hortons\"":4,\""Presotea\"":3,\""Shoppers Drug Mart\"":3,\""Sherwin-Williams Industrial Wood\"":3,\""Esso\"":3,\""KFC\"":3,\""McDonald's\"":3,\""Sunrise Records\"":3,\""Physiomed\"":3,\""Crepe Delicious\"":3,\""Wireless Wave\"":3,\""Royal Bank\"":3,\""Subway\"":3,\""Bluenotes\"":2}""","""{\""Western Union\"":21,\""Tim Hortons\"":19,\""Canada Post\"":19,\""chatr Mobile\"":17,\""Freedom Mobile\"":17,\""Booster Juice\"":17,\""Subway\"":15,\""L'Occitane\"":15,\""McDonald's\"":15,\""Wireless Wave\"":14,\""Laura\"":14,\""GoodLife Fitness\"":14,\""Melanie Lyne\"":14,\""Jimmy the Greek\"":14,\""Starbucks\"":14,\""Thai Express\"":14,\""Walmart Photo Center\"":14,\""Shoppers Drug Mart\"":13,\""Fido\"":13}""",SG_BRAND_e7308cf5e46b7e4b,212.0,1201 Hurontario St,Limited-Service Restaurants,Restaurants and Other Eating Places,"""{\""CA\"":24}""","""{\""CA:35212285\"":4,\""CA:35210361\"":4,\""CA:35210753\"":4,\""CA:35241004\"":4}""",None,None,"""[2,3,2,2,2,3,2,6,2,4,3,1,3,3,3,2,2,4,2,2,4,4,2,2,4,2,4,2,2,2,4]""",241pizza.com,621.0
Jimmy John's,"""{ \""<5\"":9, \""5-20\"":0, \""21-60\"":0, \""61-240\"":0, \"">240\"":0}""","Catering,Counter Service,Deli,Dinner,Lunch,Sandwich Shop",Scottsburg,2022-02-01 00:00:00,2022-01-01 00:00:00,"""{\""ios\"":5,\""android\"":4}""",2710.0,false,POLYGON,false,false,US,38.685839,Jimmy John's,-85.784586,3.0,722513.0,0.0001522846654308035,0.0001048962246716544,175.0,2.7660304483907413e-05,1.4567517677693459e-06,"""{ \""Mon\"": [[\""10:30\"", \""22:00\""]], \""Tue\"": [[\""10:30\"", \""22:00\""]], \""Wed\"": [[\""10:30\"", \""22:00\""]], \""Thu\"": [], \""Fri\"": [[\""10:30\"", \""22:00\""]], \""Sat\"": [[\""10:30\"", \""22:00\""]], \""Sun\"": [[\""10:30\"", \""22:00\""]] }""",None,18124142137.0,zzy-224@5py-7ss-89z,181439670003.0,SHARED_POLYGON,"POLYGON ((-85.78447926199999 38.68583862200006, -85.78464539999999 38.68583628500005, -85.78464787699994 38.685940360000075, -85.78448173799995 38.68594269700003, -85.78447926199999 38.68583862200006))","""{\""Monday\"":2,\""Tuesday\"":1,\""Wednesday\"":2,\""Thursday\"":0,\""Friday\"":0,\""Saturday\"":3,\""Sunday\"":1}""","""[0,0,0,0,0,0,0,1,0,0,0,0,0,1,0,1,1,1,1,1,0,0,1,0]""",47170,9.0,9.0,IN,"""{\""Sunoco\"":2,\""Edward Jones\"":1,\""Ricky Rockets Fuel Center\"":1,\""DaVita\"":1,\""Freddy's Frozen Custard\"":1,\""Cook Out\"":1,\""Cracker Barrel\"":1,\""Walmart Photo Center\"":1,\""Taco Bell\"":1,\""Dollar General\"":1,\""Buick\"":1,\""Love's Travel Stops and Country Stores\"":1,\""Western Union\"":1,\""Rush University\"":1,\""Walmart Vision Center\"":1,\""Athletico Physical Therapy\"":1,\""Walmart\"":1,\""Chevrolet\"":1,\""Speedway\"":1}""","""{\""Walmart Auto Care Center\"":9,\""Walmart Pharmacy\"":9,\""Western Union\"":9,\""Walmart Vision Center\"":9,\""Jackson Hewitt Tax Service\"":9,\""Walmart Photo Center\"":9,\""Walmart\"":9,\""Sunoco\"":7,\""Speedway\"":6,\""Marathon\"":6,\""McDonald's\"":5,\""Cracker Barrel\"":5,\""Ace Hardware\"":5,\""Subway\"":5,\""Taco Bell\"":5,\""Circle K\"":5,\""Edward Jones\"":4,\""Shell Oil\"":4,\""CVS\"":4}""",SG_BRAND_a04f493d784143c9b21b2689e32fd0d1,4270.0,1200 W McClain Ave,Limited-Service Restaurants,Restaurants and Other Eating Places,"""{\""US\"":9}""","""{\""181439670003\"":4}""","""{\""18143967000\"":4}""","""{\""181439670003\"":4}""","""[0,0,0,0,1,0,0,1,0,0,1,1,0,0,0,0,1,0,0,0,0,1,1,0,0,0,0,0,1,0,1]""",jimmyjohns.com,167.0
The Habit Burger Grill,"""{ \""<5\"":7, \""5-20\"":1, \""21-60\"":2, \""61-240\"":2, \"">240\"":3}""","Burgers,Catering,Counter Service,Dinner,Lunch",Burlington,2022-02-01 00:00:00,2022-01-01 00:00:00,"""{\""ios\"":8,\""android\"":4}""",26129.0,false,POLYGON,false,false,US,36.080112,The Habit Burger Grill,-79.484032,142.0,722513.0,0.00016860134194899613,8.873100458064287e-05,290.0,3.1417430624844784e-05,1.375817871816905e-06,"""{ \""Mon\"": [[\""10:30\"", \""22:00\""]], \""Tue\"": [[\""10:30\"", \""22:00\""]], \""Wed\"": [[\""10:30\"", \""22:00\""]], \""Thu\"": [[\""10:30\"", \""22:00\""]], \""Fri\"": [[\""10:30\"", \""22:00\""]], \""Sat\"": [[\""10:30\"", \""22:00\""]], \""Sun\"": [[\""10:30\"", \""22:00\""]] }""",zzw-222@63g-292-tqf,13367929555.0,227-222@63g-292-sbk,370010207011.0,OWNED_POLYGON,"POLYGON ((-79.48404457095918 36.08022537106608, -79.48393122419995 36.080079365071114, -79.48399960699999 36.08002574900007, -79.48414695599996 36.080145095000034, -79.48404457095918 36.08022537106608))","""{\""Monday\"":3,\""Tuesday\"":3,\""Wednesday\"":2,\""Thursday\"":1,\""Friday\"":4,\""Saturday\"":1,\""Sunday\"":1}""","""[0,0,0,0,0,0,0,0,4,4,2,1,1,4,7,3,3,1,0,4,0,0,0,0]""",27215,15.0,10.0,NC,"""{\""Aspen Dental\"":9,\""Starbucks\"":4,\""Western Union\"":4,\""Lowe's\"":3,\""BP\"":2,\""CVS\"":2,\""Pizza Hut\"":2,\""Food Lion\"":2,\""Target\"":2,\""MyEyeLab\"":2,\""CVS Pharmacy\"":1,\""Hardee's\"":1,\""SNIPES\"":1,\""SmartStyle Family Hair Salons\"":1,\""Famous Wok\"":1,\""United States Postal Service (USPS)\"":1,\""Walmart Pharmacy\"":1,\""Planet Fitness\"":1,\""Mobil\"":1}""","""{\""Western Union\"":10,\""Aspen Dental\"":9,\""Food Lion\"":9,\""Walmart Photo Center\"":9,\""Walmart\"":9,\""Walmart Pharmacy\"":9,\""Walmart Vision Center\"":9,\""Jackson Hewitt Tax Service\"":9,\""Subway\"":8,\""Shell Oil\"":8,\""Walmart Auto Care Center\"":8,\""Claire's\"":7,\""Starbucks\"":7,\""Exxon Mobil\"":7,\""Woodforest National Bank\"":7,\""Sheetz\"":7,\""Publix Pharmacy\"":6,\""Publix Super Markets\"":6,\""BP\"":6}""",SG_BRAND_f06de432fc340ee71aa12222d087ce84,None,139 Huffman Mill Rd Ste 101,Limited-Service Restaurants,Restaurants and Other Eating Places,"""{\""US\"":10}""",None,None,None,"""[0,0,0,1,0,1,1,0,0,2,0,1,0,0,1,0,0,0,0,0,0,0,1,0,2,1,0,3,0,0,1]""",habitburger.com,200.0
Whataburger,"""{ \""<5\"":11, \""5-20\"":0, \""21-60\"":1, \""61-240\"":2, \"">240\"":1}""","Breakfast,Burgers,Counter Service,Dinner,Drive Through,Fast Food,Lunch",Smyrna,2022-02-01 00:00:00,2022-01-01 00:00:00,"""{\""android\"":8,\""ios\"":4}""",26235.0,false,POLYGON,None,true,US,35.988107,Whataburger,-86.547236,222.0,722513.0,0.0001963621974363767,0.00012852565953119812,291.0,4.002136865316214e-05,1.923831191535178e-06,None,None,16157518419.0,234-222@5pn-qy9-975,471490403061.0,OWNED_POLYGON,"POLYGON ((-86.54702951983562 35.9880863, -86.54704037452947 35.98803059917104, -86.547071876078 35.98798035072731, -86.54712094089012 35.98794047333658, -86.54718276616019 35.987914870475706, -86.5472513 35.987906048331084, -86.54731983383981 35.987914870475706, -86.54738165910987 35.98794047333658, -86.547430723922 35.98798035072731, -86.54746222547053 35.98803059917104, -86.54747308016438 35.9880863, -86.54746222547053 35.98814200082896, -86.547430723922 35.988192249272686, -86.54738165910987 35.98823212666342, -86.54731983383981 35.98825772952429, -86.5472513 35.988266551668914, -86.54718276616019 35.98825772952429, -86.54712094089012 35.98823212666342, -86.547071876078 35.988192249272686, -86.54704037452947 35.98814200082896, -86.54702951983562 35.9880863))","""{\""Monday\"":2,\""Tuesday\"":6,\""Wednesday\"":3,\""Thursday\"":3,\""Friday\"":1,\""Saturday\"":0,\""Sunday\"":0}""","""[0,0,0,0,0,0,0,1,1,1,4,2,4,3,2,2,0,0,0,3,0,0,0,0]""",37167,15.0,11.0,TN,"""{\""Western Union\"":5,\""Walmart Vision Center\"":3,\""Walmart\"":3,\""Walmart Auto Care Center\"":3,\""Walmart Photo Center\"":3,\""Walmart Pharmacy\"":3,\""Jackson Hewitt Tax Service\"":3,\""McDonald's\"":2,\""Shell Oil\"":2,\""Chicken Salad Chick\"":2,\""7-Eleven\"":2,\""Cost Cutters\"":2,\""Murphy USA\"":2,\""Twice Daily\"":2,\""Ferrari\"":2,\""Discount Tire\"":1,\""Five Guys\"":1,\""Publix Pharmacy\"":1,\""Tommy's Express Car Wash\"":1}""","""{\""Western Union\"":11,\""Walmart Auto Care Center\"":9,\""Walmart Pharmacy\"":9,\""Walmart Photo Center\"":9,\""Jackson Hewitt Tax Service\"":9,\""Walmart Vision Center\"":9,\""Walmart\"":9,\""Starbucks\"":8,\""Subway\"":8,\""Shell Oil\"":8,\""7-Eleven\"":7,\""Walgreens\"":6,\""Thorntons\"":6,\""Ferrari\"":6,\""Exxon Mobil\"":6,\""The Little Clinic\"":5,\""Keyme Kiosk\"":5,\""Twice Daily\"":5,\""Mapco\"":5}""",SG_BRAND_c81e8621fe7764954e8d95f76a8b375c,1270.0,360 W Sam Ridley Pkwy,Limited-Service Restaurants,Restaurants and Other Eating Places,"""{\""US\"":11}""",None,None,None,"""[0,0,0,1,1,0,0,0,0,0,5,0,2,0,0,0,2,0,1,1,1,0,0,0,0,1,0,0,0,0,0]""",whataburger.com,1236.0
Domino's Pizza,"""{ \""<5\"":11, \""5-20\"":0, \""21-60\"":1, \""61-240\"":0, \"">240\"":0}""","Counter Service,Dinner,Lunch,Pizza,Sandwich Shop",Nelson,2022-02-01 00:00:00,2022-01-01 00:00:00,"""{\""ios\"":7,\""android\"":5}""",36730.0,false,POLYGON,false,false,CA,49.498974,Domino's Pizza,-117.289149,3.0,722513.0,0.0014347917719685747,0.0004998487906012991,1152.0,0.00046501280670029196,1.8414185506672134e-05,"""{ \""Mon\"": [[\""10:00\"", \""24:00\""]], \""Tue\"": [[\""10:00\"", \""24:00\""]], \""Wed\"": [[\""10:00\"", \""24:00\""]], \""Thu\"": [[\""10:00\"", \""24:00\""]], \""Fri\"": [[\""10:00\"", \""24:00\""]], \""Sat\"": [[\""0:00\"", \""1:00\""], [\""10:00\"", \""24:00\""]], \""Sun\"": [[\""0:00\"", \""1:00\""], [\""10:00\"", \""24:00\""]] }""",zzw-226@3x5-d7k-y9z,17784633300.0,23t-222@3x5-d7k-x89,None,OWNED_POLYGON,"POLYGON ((-117.28926429683685 49.498970052131355, -117.28915432626724 49.499046699722534, -117.28903362686157 49.498977891095066, -117.28914225632667 49.49890211439337, -117.28926429683685 49.498970052131355))","""{\""Monday\"":1,\""Tuesday\"":1,\""Wednesday\"":2,\""Thursday\"":1,\""Friday\"":2,\""Saturday\"":1,\""Sunday\"":4}""","""[0,0,0,0,0,0,0,0,0,0,0,2,3,4,2,1,0,1,0,4,0,0,0,0]""",V1L 5Z3,12.0,12.0,BC,"""{\""Edo Japan\"":12,\""Chatters\"":12,\""Western Union\"":7,\""Subway\"":5,\""Ardene\"":5,\""Walmart Pharmacy\"":5,\""Walmart Photo Center\"":5,\""Walmart\"":5,\""Walmart Auto Care Center\"":5,\""Warehouse One\"":4,\""Safeway\"":3,\""Save on Foods\"":3,\""Canada Post\"":3,\""Safeway Pharmacy\"":2,\""Wholesale Club\"":2,\""Shoppers Drug Mart\"":2,\""A&W (Canada)\"":2,\""Dollar Tree\"":1,\""Source for Sports\"":1}""","""{\""Chatters\"":12,\""Edo Japan\"":12,\""Western Union\"":11,\""Safeway\"":9,\""Subway\"":9,\""Safeway Pharmacy\"":9,\""Shoppers Drug Mart\"":8,\""Walmart Auto Care Center\"":7,\""Nofrills\"":7,\""Walmart Pharmacy\"":7,\""Canada Post\"":7,\""Walmart\"":7,\""Lequipeur\"":7,\""Ardene\"":7,\""Walmart Photo Center\"":7,\""Pharmasave\"":6,\""Boston Pizza\"":6,\""Petro-Canada\"":6,\""A&W (Canada)\"":6}""",SG_BRAND_da46ad6f82825669a56b44d32564dff8,39074.0,1110 Lakeside Dr,Limited-Service Restaurants,Restaurants and Other Eating Places,"""{\""CA\"":12}""",None,None,None,"""[0,1,0,0,1,0,0,0,2,0,0,0,0,1,0,0,1,1,1,0,1,0,1,0,0,0,1,0,1,0,0]""",dominos.ca,134.0
Popeyes Louisiana Kitchen,"""{ \""<5\"":11, \""5-20\"":0, \""21-60\"":0, \""61-240\"":0, \"">240\"":16}""","Dinner,Fast Food,Fried Chicken,Lunch",Calexico,2022-02-01 00:00:00,2022-01-01 00:00:00,"""{\""ios\"":9,\""android\"":4}""",1944.0,false,POLYGON,false,false,US,32.687766,Popeyes Louisiana Kitchen,-115.500017,528.0,722513.0,0.00012465143330137388,6.194294991990007e-05,519.0,2.890154551191422e-05,1.2691938123933173e-06,"""{ \""Mon\"": [[\""10:00\"", \""23:00\""]], \""Tue\"": [[\""10:00\"", \""23:00\""]], \""Wed\"": [[\""10:00\"", \""23:00\""]], \""Thu\"": [[\""10:00\"", \""23:00\""]], \""Fri\"": [[\""10:00\"", \""23:00\""]], \""Sat\"": [[\""10:00\"", \""23:00\""]], \""Sun\"": [[\""10:00\"", \""23:00\""]] }""",None,17602709626.0,zzy-222@8sc-wy2-85f,60250119003.0,OWNED_POLYGON,"POLYGON ((-115.49974500099995 32.68829078400006, -115.49968898599997 32.68743817300003, -115.49972111399995 32.687436698000056, -115.49969994299994 32.68711445100007, -115.50027824499995 32.687087906000045, -115.50035543999996 32.68826276400006, -115.49974500099995 32.68829078400006))","""{\""Monday\"":4,\""Tuesday\"":2,\""Wednesday\"":4,\""Thursday\"":3,\""Friday\"":7,\""Saturday\"":6,\""Sunday\"":1}""","""[0,0,0,0,0,2,16,17,18,18,16,16,17,18,16,2,0,1,0,18,0,1,0,0]""",92231,27.0,12.0,CA,"""{\""Western Union\"":4,\""Food 4 Less\"":3,\""Walmart Pharmacy\"":3,\""Taco Bell\"":3,\""Claire's\"":3,\""Walmart\"":3,\""Walmart Auto Care Center\"":3,\""Walmart Vision Center\"":3,\""Walmart Photo Center\"":3,\""Jackson Hewitt Tax Service\"":3,\""Subway\"":2,\""7-Eleven Fuel\"":2,\""Allstate Insurance\"":2,\""Dollar General\"":2,\""Jack in the Box\"":2,\""7-Eleven\"":2,\""Speedway\"":1,\""Shell Oil\"":1,\""Planet Fitness\"":1}""","""{\""Western Union\"":11,\""Walmart Pharmacy\"":9,\""Walmart\"":9,\""Walmart Photo Center\"":9,\""Walmart Auto Care Center\"":9,\""Walmart Vision Center\"":9,\""Jackson Hewitt Tax Service\"":9,\""Claire's\"":8,\""Shell Oil\"":8,\""Taco Bell\"":8,\""ARCO\"":8,\""Starbucks\"":8,\""7-Eleven\"":7,\""Planet Fitness\"":6,\""Detail Garage\"":6,\""Food 4 Less\"":6,\""Jack in the Box\"":6,\""Oportun\"":6,\""Dollar General\"":6}""",SG_BRAND_5725c57624e4d885d0bf718123615aa9,13933.0,1117 Imperial Ave W,Limited-Service Restaurants,Restaurants and Other Eating Places,"""{\""US\"":12}""","""{\""060250120021\"":4}""","""{\""06025012002\"":4,\""06025012200\"":4,\""06025011900\"":4}""","""{\""060250120021\"":4,\""060250122001\"":4,\""060250119003\"":4}""","""[0,0,2,1,1,1,1,4,0,0,0,0,0,1,1,0,0,0,1,1,2,1,0,1,1,2,1,3,0,1,1]""",popeyes.com,7373.0
Zaxby's,"""{ \""<5\"":10, \""5-20\"":0, \""21-60\"":0, \""61-240\"":2, \"">240\"":2}""","Casual Dining,Catering,Chicken Wings,Dinner,Fried Chicken,Lunch",Richland,2022-02-01 00:00:00,2022-01-01 00:00:00,"""{\""ios\"":8,\""android\"":4}""",10511.0,false,POLYGON,false,false,US,32.21949,Zaxby's,-90.15394,109.0,722513.0,0.00032378100397077606,0.00024396509610241266,272.0,7.00789329975637e-05,3.5945629754120645e-06,"""{ \""Mon\"": [[\""10:00\"", \""22:00\""]], \""Tue\"": [[\""10:00\"", \""22:00\""]], \""Wed\"": [[\""10:00\"", \""22:00\""]], \""Thu\"": [[\""10:00\"", \""22:00\""]], \""Fri\"": [[\""10:00\"", \""22:00\""]], \""Sat\"": [[\""10:00\"", \""22:00\""]], \""Sun\"": [[\""10:00\"", \""21:00\""]] }""",None,17692337256.0,zzy-223@8f6-t2z-vmk,281210204022.0,OWNED_POLYGON,"POLYGON ((-90.15375380499995 32.21941568400007, -90.15407573499994 32.21942903300004, -90.15406794099994 32.21956209500007, -90.15374601199994 32.219548746000044, -90.15375380499995 32.21941568400007))","""{\""Monday\"":2,\""Tuesday\"":3,\""Wednesday\"":2,\""Thursday\"":1,\""Friday\"":4,\""Saturday\"":1,\""Sunday\"":1}""","""[1,0,0,0,0,0,0,1,2,2,2,3,2,4,2,3,2,1,0,4,0,0,0,0]""",39272,14.0,12.0,MS,"""{\""Walmart Photo Center\"":6,\""Western Union\"":6,\""Walmart Pharmacy\"":6,\""Walmart Vision Center\"":6,\""Walmart\"":6,\""Subway\"":5,\""Jackson Hewitt Tax Service\"":5,\""Walmart Auto Care Center\"":5,\""McAlister's Deli\"":3,\""McDonald's\"":3,\""Pizza Hut\"":2,\""PUMA\"":1,\""Anytime Fitness\"":1,\""Krispy Krunchy Chicken\"":1,\""maurices\"":1,\""CITGO\"":1,\""Jimmy John's\"":1,\""Pretzelmaker\"":1,\""Carter's\"":1}""","""{\""Subway\"":11,\""Western Union\"":11,\""Walmart Vision Center\"":10,\""Walmart Photo Center\"":10,\""Walmart\"":10,\""Walmart Pharmacy\"":10,\""Jackson Hewitt Tax Service\"":9,\""Walmart Auto Care Center\"":9,\""Shell Oil\"":7,\""Exxon Mobil\"":7,\""McDonald's\"":6,\""Marathon\"":6,\""Little Caesars\"":6,\""Rotary Club\"":6,\""Krispy Krunchy Chicken\"":5,\""Kroger Pharmacy\"":5,\""McAlister's Deli\"":5,\""Texaco\"":5,\""Dollar General\"":5}""",SG_BRAND_5271fc9e8c38fe53392a2ecabc642130,74310.0,102 Marketplace Dr,Limited-Service Restaurants,Restaurants and Other Eating Places,"""{\""US\"":12}""","""{\""281210210022\"":4,\""280350103002\"":4}""","""{\""28121021002\"":4,\""28035010300\"":4}""","""{\""280350103002\"":4,\""281210210022\"":4}""","""[0,0,0,3,0,0,2,0,0,2,0,1,1,0,1,0,0,0,1,0,0,0,0,0,0,0,0,2,0,1,0]""",zaxbys.com,448.0
Panda Express,"""{ \""<5\"":18, \""5-20\"":0, \""21-60\"":0, \""61-240\"":0, \"">240\"":0}""","Catering,Chinese Food,Counter Service,Dinner,Fast Food,Lunch",Springdale,2022-02-01 00:00:00,2022-01-01 00:00:00,"""{\""ios\"":9,\""android\"":8}""",11200.0,false,POLYGON,false,false,US,39.286199,Panda Express,-84.454391,None,722513.0,0.00021217856866661286,0.00014766015532268763,346.0,3.5870939592138056e-05,2.1473476978447145e-06,"""{ \""Mon\"": [[\""10:30\"", \""21:00\""]], \""Tue\"": [[\""10:30\"", \""21:00\""]], \""Wed\"": [[\""10:30\"", \""21:00\""]], \""Thu\"": [[\""10:30\"", \""21:00\""]], \""Fri\"": [[\""10:30\"", \""21:00\""]], \""Sat\"": [[\""11:00\"", \""21:00\""]], \""Sun\"": [[\""11:00\"", \""21:00\""]] }""",None,15135998006.0,222-222@63j-99p-3qz,390610223014.0,OWNED_POLYGON,"POLYGON ((-84.45431996599996 39.28629595500007, -84.45432334299994 39.28626768100003, -84.45422446699996 39.28626081500005, -84.45423740999996 39.28615243000007, -84.45418797299999 39.286148997000055, -84.45420429199999 39.286012338000035, -84.45451945599996 39.28603422200007, -84.45451439099998 39.28607663500003, -84.45456382999998 39.28608006700006, -84.45454357099999 39.286249713000075, -84.45448795399994 39.28624585100005, -84.45448401499993 39.286278838000044, -84.45439131999996 39.286272401000076, -84.45438794299997 39.28630067600005, -84.45431996599996 39.28629595500007))","""{\""Monday\"":1,\""Tuesday\"":6,\""Wednesday\"":3,\""Thursday\"":2,\""Friday\"":2,\""Saturday\"":4,\""Sunday\"":0}""","""[0,0,0,0,0,0,0,1,0,0,0,0,3,2,2,2,3,1,2,2,1,1,1,0]""",45246,18.0,17.0,OH,"""{\""Costco Optical\"":3,\""Costco Pharmacy\"":3,\""Speedway\"":3,\""Costco\"":3,\""Sunglass Hut\"":3,\""SoftMoc\"":2,\""Kendra Scott\"":2,\""LensCrafters\"":2,\""Victoria's Secret\"":2,\""Windsor\"":2,\""Chili's Grill & Bar\"":2,\""vineyard vines\"":2,\""Lolli and Pops\"":2,\""Great American Cookies\"":2,\""JD Sports\"":2,\""Charlotte Tilbury\"":2,\""Tory Burch\"":2,\""Allen Edmonds\"":2,\""Miracle Eyebrows\"":2}""","""{\""Western Union\"":15,\""Starbucks\"":13,\""Speedway\"":13,\""Shell Oil\"":11,\""Walmart Vision Center\"":10,\""Fifth Third Bank\"":10,\""Kroger\"":10,\""Kroger Pharmacy\"":10,\""Walmart\"":10,\""Jackson Hewitt Tax Service\"":9,\""Great American Cookies\"":9,\""Champs Sports\"":9,\""Walmart Pharmacy\"":9,\""Sunglass Hut\"":9,\""McDonald's\"":9,\""CVS\"":8,\""Kroger Fuel Center\"":8,\""Subway\"":8,\""MrBeast Burger\"":7}""",SG_BRAND_4a453a402f10c481d2fe4cefaa1d2b09,3485.0,955 E Kemper Rd,Limited-Service Restaurants,Restaurants and Other Eating Places,"""{\""US\"":17}""",None,None,None,"""[0,0,0,0,1,1,1,0,0,0,2,0,0,0,2,0,0,2,0,0,1,1,0,1,2,2,1,0,1,0,0]""",pandaexpress.com,791.0
Subway,"""{ \""<5\"":21, \""5-20\"":0, \""21-60\"":2, \""61-240\"":1, \"">240\"":3}""","Breakfast,Counter Service,Dinner,Lunch,Sandwich Shop",New Town,2022-02-01 00:00:00,2022-01-01 00:00:00,"""{\""android\"":11,\""ios\"":7}""",64045.0,false,POLYGON,false,false,US,47.980915,Subway,-102.470654,114.0,722513.0,0.005172860383625049,0.003746424335271925,521.0,0.000795479040622935,4.815557785594821e-05,"""{ \""Mon\"": [[\""9:00\"", \""20:30\""]], \""Tue\"": [[\""9:30\"", \""20:30\""]], \""Wed\"": [[\""9:30\"", \""20:30\""]], \""Thu\"": [[\""9:30\"", \""20:30\""]], \""Fri\"": [[\""9:30\"", \""20:30\""]], \""Sat\"": [[\""9:30\"", \""20:30\""]], \""Sun\"": [[\""9:30\"", \""20:30\""]] }""",None,17016272345.0,zzy-222@5t4-bbk-t7q,380619404002.0,SHARED_POLYGON,"POLYGON ((-102.47062844899995 47.98129595800003, -102.47062987899994 47.98090151700006, -102.47083913299997 47.980901870000025, -102.47083928099994 47.980861066000045, -102.47102860499996 47.98086138600007, -102.47102848199995 47.98089538900007, -102.47136727499998 47.980895960000055, -102.47136678299995 47.981031974000075, -102.47145646299998 47.98103212500007, -102.47145550499994 47.98129735200007, -102.47062844899995 47.98129595800003))","""{\""Monday\"":6,\""Tuesday\"":4,\""Wednesday\"":2,\""Thursday\"":3,\""Friday\"":4,\""Saturday\"":6,\""Sunday\"":2}""","""[0,0,1,0,0,0,0,3,3,3,2,2,6,3,3,5,1,1,0,3,0,0,2,0]""",58763,27.0,18.0,ND,"""{\""CENEX\"":5,\""Mobil\"":3,\""Holiday Station\"":2,\""Marathon\"":2,\""Sinclair Oil\"":1,\""ARCO\"":1,\""Superpumper\"":1,\""Case IH\"":1,\""Cash Wise\"":1,\""State Farm\"":1,\""FedEx Freight\"":1,\""US Foods Distribution\"":1,\""Edward Jones\"":1,\""Western Union\"":1,\""Food Pride\"":1,\""BeMobile\"":1,\""Peterbilt\"":1}""","""{\""CENEX\"":14,\""Walmart\"":14,\""Western Union\"":14,\""Claire's\"":13,\""Champs Chicken\"":12,\""Walmart Vision Center\"":11,\""Walmart Photo Center\"":11,\""Walmart Auto Care Center\"":10,\""Godfather's Pizza\"":10,\""Superpumper\"":9,\""Essentia Health\"":9,\""Caribou Coffee\"":8,\""Five Guys\"":8,\""Blaze Pizza\"":8,\""Marathon\"":8,\""Barnes and Noble\"":8,\""Mobil\"":8,\""Chick-fil-A\"":8,\""Buckle\"":7}""",SG_BRAND_de80593878cb1673c62a7f338dc7e4e1,None,945 Eagle Dr,Limited-Service Restaurants,Restaurants and Other Eating Places,"""{\""US\"":18}""","""{\""380539401001\"":4}""","""{\""38061940400\"":4,\""38053940100\"":4}""","""{\""380539401001\"":4,\""380619404001\"":4}""","""[1,0,1,1,1,0,0,1,0,2,1,0,0,0,1,2,1,0,0,1,2,2,0,2,2,1,2,2,1,0,0]""",subway.com,2695.0
Poke Bar,"""{ \""<5\"":18, \""5-20\"":0, \""21-60\"":0, \""61-240\"":2, \"">240\"":0}""","Catering,Counter Service,Dinner,Hawaiian Food,Healthy Food,Lunch",Vancouver,2022-02-01 00:00:00,2022-01-01 00:00:00,"""{\""android\"":16,\""ios\"":4}""",2745.0,false,POLYGON,false,false,CA,49.279956,Poke Bar,-123.131033,62.0,722513.0,0.0023396736723589823,0.0008284865153248288,1902.0,0.0007444823872292379,3.0340587340264516e-05,"""{ \""Mon\"": [[\""11:00\"", \""21:00\""]], \""Tue\"": [[\""11:00\"", \""21:00\""]], \""Wed\"": [[\""11:00\"", \""21:00\""]], \""Thu\"": [[\""11:00\"", \""21:00\""]], \""Fri\"": [[\""11:00\"", \""21:00\""]], \""Sat\"": [[\""11:00\"", \""21:00\""]], \""Sun\"": [[\""11:00\"", \""21:00\""]] }""",None,16044233073.0,22v-224@5x6-ps5-z75,None,SHARED_POLYGON,"POLYGON ((-123.13063389076974 49.279872943578034, -123.13081959077908 49.279746468966614, -123.13083295647196 49.279739929469905, -123.13092818703375 49.279806414312695, -123.13100169834456 49.27975900299955, -123.13119800695867 49.27988597802313, -123.13112950778266 49.27993338921422, -123.13092627765336 49.28006547797739, -123.13063389076974 49.279872943578034))","""{\""Monday\"":5,\""Tuesday\"":0,\""Wednesday\"":4,\""Thursday\"":5,\""Friday\"":3,\""Saturday\"":0,\""Sunday\"":3}""","""[0,0,0,1,0,0,0,1,2,2,0,2,3,3,1,0,1,2,1,3,2,0,0,2]""",V6E 1M3,20.0,19.0,BC,"""{\""Impark\"":14,\""Western Union\"":7,\""A&W (Canada)\"":6,\""Subway\"":6,\""Freedom Mobile\"":6,\""Jugo Juice\"":6,\""Fido\"":6,\""Rogers Communications\"":5,\""Telus Communications\"":5,\""Tim Hortons\"":5,\""chatr Mobile\"":4,\""Freshslice Pizza\"":4,\""Shoppers Drug Mart\"":4,\""TD Bank\"":4,\""SoftMoc\"":4,\""Banana Republic\"":4,\""L'Occitane\"":4,\""Wireless Wave\"":4,\""Donair Dude\"":4}""","""{\""Impark\"":19,\""Canada Post\"":18,\""Subway\"":17,\""Freedom Mobile\"":17,\""Western Union\"":17,\""A&W (Canada)\"":16,\""Tim Hortons\"":16,\""London Drugs\"":15,\""L'Occitane\"":15,\""Starbucks\"":15,\""Fido\"":14,\""Thai Express\"":14,\""Roots\"":13,\""Royal Bank\"":13,\""Jugo Juice\"":13,\""Rogers Communications\"":13,\""lululemon athletica\"":13,\""Shoppers Drug Mart\"":13,\""Swarovski\"":12}""",SG_BRAND_cb639fee2cac7035,None,1072 Davie St,Limited-Service Restaurants,Restaurants and Other Eating Places,"""{\""CA\"":18}""",None,None,None,"""[0,0,1,0,0,0,1,0,1,0,0,0,0,0,0,1,0,0,3,1,2,0,1,1,0,1,4,0,0,0,3]""",ilovepokebar.com,775.0
Taco Bell,"""{ \""<5\"":18, \""5-20\"":2, \""21-60\"":2, \""61-240\"":3, \"">240\"":3}""","Breakfast,Counter Service,Dinner,Drive Through,Fast Food,Late Night,Lunch,Mexican Food",Richmond,2022-02-01 00:00:00,2022-01-01 00:00:00,"""{\""android\"":13,\""ios\"":7}""",8154.0,false,POLYGON,false,false,US,39.830552,Taco Bell,-84.859446,94.0,722513.0,0.0004733606546169706,0.0003274887343241927,542.0,8.550401078298224e-05,4.3110797374862865e-06,"""{ \""Mon\"": [[\""7:00\"", \""22:00\""]], \""Tue\"": [[\""7:00\"", \""22:00\""]], \""Wed\"": [[\""7:00\"", \""22:00\""]], \""Thu\"": [[\""7:00\"", \""22:00\""]], \""Fri\"": [[\""7:00\"", \""22:00\""]], \""Sat\"": [[\""7:00\"", \""22:00\""]], \""Sun\"": [[\""7:00\"", \""22:00\""]] }""",None,17659664788.0,226-222@63j-5z6-5s5,181770011002.0,OWNED_POLYGON,"POLYGON ((-84.85938918199997 39.83059429000008, -84.85937471699998 39.83050027000007, -84.85945545099997 39.83049315200003, -84.85945979 39.830521359000045, -84.85950326299997 39.83051752600005, -84.85951338799998 39.83058334000003, -84.85938918199997 39.83059429000008))","""{\""Monday\"":6,\""Tuesday\"":3,\""Wednesday\"":2,\""Thursday\"":4,\""Friday\"":5,\""Saturday\"":2,\""Sunday\"":6}""","""[0,0,0,0,0,0,0,1,2,2,5,6,6,4,2,6,2,1,2,4,1,2,2,1]""",47374,28.0,20.0,IN,"""{\""Western Union\"":8,\""Speedway\"":7,\""Walmart Photo Center\"":5,\""Walmart\"":5,\""Davi Nails\"":5,\""Walmart Vision Center\"":5,\""Walmart Auto Care Center\"":5,\""Subway\"":5,\""Walmart Pharmacy\"":5,\""McDonald's\"":4,\""Kroger\"":3,\""Kroger Pharmacy\"":3,\""Marathon\"":3,\""Buick\"":2,\""Lowe's\"":2,\""GMC (General Motors Company)\"":2,\""The Home Depot\"":2,\""Village Pantry\"":2,\""BP\"":2}""","""{\""Western Union\"":19,\""Walmart Vision Center\"":19,\""Walmart Photo Center\"":19,\""Walmart\"":19,\""Walmart Pharmacy\"":19,\""Walmart Auto Care Center\"":18,\""Speedway\"":18,\""Subway\"":17,\""Kroger\"":15,\""Davi Nails\"":14,\""Kroger Pharmacy\"":14,\""Marathon\"":13,\""Kroger Fuel Center\"":12,\""Meijer\"":11,\""Shell Oil\"":11,\""BP\"":11,\""Taco Bell\"":10,\""Meijer Pharmacy\"":10,\""McDonald's\"":9}""",SG_BRAND_748ba381dd81bb8de615319837ffa350,37373.0,3029 E Main St,Limited-Service Restaurants,Restaurants and Other Eating Places,"""{\""US\"":20}""","""{\""181770005001\"":4}""","""{\""18177000500\"":4,\""39135400100\"":4,\""18177000900\"":4,\""18177010200\"":4}""","""{\""181770005001\"":4}""","""[0,0,1,2,0,1,0,0,0,0,0,1,0,2,0,1,1,0,1,1,0,0,0,3,1,0,2,3,2,5,1]""",tacobell.com,100.0
Domino's Pizza,"""{ \""<5\"":20, \""5-20\"":2, \""21-60\"":0, \""61-240\"":2, \"">240\"":1}""","Counter Service,Dinner,Lunch,Pizza,Sandwich Shop",Charlotte,2022-02-01 00:00:00,2022-01-01 00:00:00,"""{\""ios\"":11,\""android\"":11}""",7804.0,false,POLYGON,false,false,US,35.174279,Domino's Pizza,-80.875604,6.0,722513.0,0.0003644773701285711,0.00019679329038386768,485.0,5.423467746972997e-05,2.794975320370943e-06,"""{ \""Mon\"": [[\""16:00\"", \""24:00\""]], \""Tue\"": [[\""16:00\"", \""24:00\""]], \""Wed\"": [[\""16:00\"", \""24:00\""]], \""Thu\"": [[\""16:00\"", \""24:00\""]], \""Fri\"": [[\""16:00\"", \""24:00\""]], \""Sat\"": [[\""0:00\"", \""1:00\""], [\""16:00\"", \""24:00\""]], \""Sun\"": [[\""0:00\"", \""1:00\""], [\""16:00\"", \""24:00\""]] }""",None,None,zzy-227@8gf-drr-975,371190031032.0,SHARED_POLYGON,"POLYGON ((-80.87563932099994 35.17424065800003, -80.87569939499997 35.17424019300006, -80.87570040799994 35.174325493000026, -80.87543029899996 35.174327584000025, -80.87542928499994 35.17424228300007, -80.87563932099994 35.17424065800003))","""{\""Monday\"":1,\""Tuesday\"":2,\""Wednesday\"":1,\""Thursday\"":5,\""Friday\"":5,\""Saturday\"":3,\""Sunday\"":8}""","""[2,0,0,0,0,0,0,0,2,2,1,3,2,4,2,0,3,2,4,4,0,2,1,1]""",28202,25.0,22.0,NC,"""{\""Domino's Pizza\"":20,\""Western Union\"":8,\""QuikTrip\"":5,\""Shell Oil\"":4,\""Exxon Mobil\"":4,\""Rocky Mountain Chocolate Factory\"":4,\""Starbucks\"":3,\""McDonald's\"":3,\""Chick-fil-A\"":2,\""Publix Super Markets\"":2,\""Mobil\"":2,\""Target\"":2,\""Walgreens\"":2,\""CVS Pharmacy\"":2,\""Pizza Hut\"":2,\""MinuteClinic\"":2,\""CVS\"":2,\""Dollar General\"":2,\""Circle K\"":2}""","""{\""Western Union\"":22,\""Domino's Pizza\"":20,\""Shell Oil\"":16,\""Starbucks\"":16,\""Walmart\"":15,\""Walmart Pharmacy\"":15,\""Subway\"":14,\""QuikTrip\"":14,\""Rocky Mountain Chocolate Factory\"":14,\""Jackson Hewitt Tax Service\"":14,\""Walmart Photo Center\"":14,\""Exxon Mobil\"":13,\""Walmart Vision Center\"":13,\""Woodforest National Bank\"":13,\""Walmart Auto Care Center\"":13,\""CVS Pharmacy\"":12,\""Circle K\"":12,\""CVS\"":11,\""BP\"":11}""",SG_BRAND_da46ad6f82825669a56b44d32564dff8,7482.0,Bank Of America Stadium,Limited-Service Restaurants,Restaurants and Other Eating Places,"""{\""US\"":22}""","""{\""371190031092\"":4}""","""{\""37119003103\"":4,\""37119003109\"":4}""","""{\""371190031032\"":4,\""371190031092\"":4}""","""[0,1,0,1,0,1,1,0,1,0,0,0,2,2,1,3,0,0,0,1,2,0,2,0,1,1,1,0,2,1,1]""",dominos.com,232.0
Little Caesars,"""{ \""<5\"":25, \""5-20\"":1, \""21-60\"":0, \""61-240\"":0, \"">240\"":0}""","Counter Service,Dinner,Fast Food,Lunch,Pizza",Kamloops,2022-02-01 00:00:00,2022-01-01 00:00:00,"""{\""android\"":14,\""ios\"":9}""",3400.0,false,POLYGON,false,false,CA,50.664507,Little Caesars,-120.349725,2.0,722513.0,0.003119378049281722,0.0010952965997325758,2493.0,0.0009928686831200129,4.008078920799314e-05,"""{ \""Mon\"": [[\""11:00\"", \""22:00\""]], \""Tue\"": [[\""11:00\"", \""22:00\""]], \""Wed\"": [[\""11:00\"", \""22:00\""]], \""Thu\"": [[\""11:00\"", \""22:00\""]], \""Fri\"": [[\""11:00\"", \""23:00\""]], \""Sat\"": [[\""11:00\"", \""22:00\""]], \""Sun\"": [[\""11:00\"", \""22:00\""]] }""",zzw-222@3x2-6fd-2c5,12503146665.0,zzy-222@3x2-6fc-yvz,None,OWNED_POLYGON,"POLYGON ((-120.34962435099999 50.66449709300008, -120.34976725099995 50.66444859300003, -120.34982495099996 50.66451719300005, -120.34968205099995 50.66456569300004, -120.34962435099999 50.66449709300008))","""{\""Monday\"":6,\""Tuesday\"":2,\""Wednesday\"":3,\""Thursday\"":3,\""Friday\"":5,\""Saturday\"":2,\""Sunday\"":5}""","""[0,0,0,0,0,0,1,0,0,0,2,4,1,0,1,3,5,3,0,0,2,0,0,0]""",V2C 1T8,26.0,23.0,BC,"""{\""Freedom Mobile\"":7,\""Starbucks\"":6,\""Real Canadian Superstore\"":5,\""Impark\"":5,\""Canada Post\"":4,\""Planet Fitness\"":3,\""Value Village Thrift Stores\"":3,\""FreshCo\"":3,\""A&W (Canada)\"":3,\""Subway\"":3,\""chatr Mobile\"":3,\""Dollarama\"":3,\""Save on Foods\"":3,\""Budget Rent A Car\"":3,\""Tim Hortons\"":2,\""Bed Bath & Beyond\"":2,\""Pharmasave\"":2,\""Western Union\"":2,\""Esso\"":2}""","""{\""Western Union\"":19,\""Freedom Mobile\"":18,\""Real Canadian Superstore\"":18,\""chatr Mobile\"":17,\""McDonald's\"":16,\""7-Eleven\"":15,\""Tim Hortons\"":15,\""Subway\"":15,\""Impark\"":15,\""Canada Post\"":15,\""Starbucks\"":14,\""Petro-Canada\"":14,\""A&W (Canada)\"":14,\""Dollarama\"":14,\""Tommy Guns\"":13,\""Bed Bath & Beyond\"":13,\""FreshCo\"":13,\""Save on Foods\"":13,\""easyfinancial\"":13}""",SG_BRAND_3654ed70612445d52bf3b6f6546d1f23,51230001.0,2-1380 Summit Dr,Limited-Service Restaurants,Restaurants and Other Eating Places,"""{\""CA\"":23}""","""{\""CA:59330129\"":4,\""CA:59331659\"":4,\""CA:59331724\"":4}""",None,None,"""[0,1,0,0,0,1,1,0,2,0,0,1,0,3,1,0,3,1,1,1,0,0,1,0,1,1,1,1,1,1,3]""",littlecaesars.ca,99.0
Sarku Japan,"""{ \""<5\"":28, \""5-20\"":1, \""21-60\"":2, \""61-240\"":1, \"">240\"":0}""","Counter Service,Dinner,Japanese Food,Lunch",Coralville,2022-02-01 00:00:00,2022-01-01 00:00:00,"""{\""android\"":14,\""ios\"":10}""",66199.0,true,POLYGON,false,false,US,41.691038,Sarku Japan,-91.600068,30.0,722513.0,0.001413995973103335,0.0011638663083129277,620.0,0.0001896031804095194,1.3691208312873624e-05,"""{ \""Mon\"": [[\""10:00\"", \""21:00\""]], \""Tue\"": [[\""10:00\"", \""21:00\""]], \""Wed\"": [[\""10:00\"", \""21:00\""]], \""Thu\"": [[\""10:00\"", \""21:00\""]], \""Fri\"": [[\""10:00\"", \""21:00\""]], \""Sat\"": [[\""10:00\"", \""21:00\""]], \""Sun\"": [[\""12:00\"", \""18:00\""]] }""",22d-225@5q2-jmv-vpv,None,224-222@5q2-jmv-vvf,191030003021.0,OWNED_POLYGON,"POLYGON ((-91.60000617276586 41.691061830744545, -91.5999967850343 41.69100975485578, -91.60012418996251 41.69099573441696, -91.60013625990308 41.69105081469469, -91.60000617276586 41.691061830744545))","""{\""Monday\"":3,\""Tuesday\"":2,\""Wednesday\"":6,\""Thursday\"":4,\""Friday\"":5,\""Saturday\"":11,\""Sunday\"":1}""","""[0,0,0,0,0,0,0,0,1,1,2,4,6,2,3,3,7,3,3,2,0,0,0,0]""",52241,32.0,24.0,IA,"""{\""CVS Pharmacy\"":10,\""Target\"":10,\""CVS\"":10,\""Scheels\"":7,\""Panda Express\"":7,\""Western Union\"":5,\""Panera Bread\"":4,\""PetSmart\"":4,\""Walmart Photo Center\"":4,\""Walmart Vision Center\"":4,\""Walmart\"":4,\""ULTA Beauty\"":4,\""Cellairis\"":3,\""BP\"":3,\""Walmart Pharmacy\"":3,\""Jackson Hewitt Tax Service\"":3,\""Finish Line\"":3,\""Chick-fil-A\"":3,\""Bath & Body Works\"":3}""","""{\""Western Union\"":22,\""Walmart Pharmacy\"":18,\""Target\"":18,\""CVS\"":18,\""Walmart Vision Center\"":18,\""Walmart\"":18,\""Walmart Photo Center\"":18,\""CVS Pharmacy\"":17,\""Kum & Go\"":15,\""Jackson Hewitt Tax Service\"":15,\""Hy-Vee\"":14,\""Starbucks\"":12,\""McDonald's\"":12,\""Casey's General Stores\"":11,\""Scheels\"":11,\""Panera Bread\"":10,\""Wahlburgers\"":10,\""Panda Express\"":10,\""PetSmart\"":9}""",SG_BRAND_b1ef4763d7b80de48511e8cea6e7b33f,1516.0,1451 Coral Ridge Ave Ste 616,Limited-Service Restaurants,Restaurants and Other Eating Places,"""{\""US\"":24}""",None,None,None,"""[2,0,0,0,1,1,3,3,1,1,1,4,0,1,2,0,1,1,0,2,0,2,0,1,0,1,1,1,2,0,0]""",sarkujapan.com,65.0
Chipotle Mexican Grill,"""{ \""<5\"":520, \""5-20\"":84, \""21-60\"":24, \""61-240\"":16, \"">240\"":4}""","Catering,Counter Service,Dinner,Lunch,Mexican Food",Bothell,2022-05-01 00:00:00,2022-04-01 00:00:00,"""{\""ios\"":309,\""android\"":159}""",5202.0,false,POLYGON,None,true,US,47.805872,Chipotle Mexican Grill,-122.206622,4.0,722513.0,0.012678856821800085,0.006367766072808565,10242.0,0.002588420550580249,9.299678653029628e-05,"""{ \""Mon\"": [[\""10:45\"", \""22:00\""]], \""Tue\"": [[\""10:45\"", \""22:00\""]], \""Wed\"": [[\""10:45\"", \""22:00\""]], \""Thu\"": [[\""10:45\"", \""22:00\""]], \""Fri\"": [[\""10:45\"", \""22:00\""]], \""Sat\"": [[\""10:45\"", \""22:00\""]], \""Sun\"": [[\""10:45\"", \""22:00\""]] }""",None,14259490117.0,zzy-222@5x4-4n5-jsq,530610519252.0,OWNED_POLYGON,"POLYGON ((-122.2063303031293 47.8058682, -122.2063433708863 47.805812614538254, -122.20638129499416 47.805762470168794, -122.206440363177 47.805722675371875, -122.2065147934295 47.80569712553949, -122.2065973 47.80568832166724, -122.20667980657049 47.80569712553949, -122.206754236823 47.805722675371875, -122.20681330500584 47.805762470168794, -122.2068512291137 47.805812614538254, -122.20686429687069 47.8058682, -122.2068512291137 47.805923785461744, -122.20681330500584 47.805973929831204, -122.206754236823 47.80601372462812, -122.20667980657049 47.80603927446051, -122.2065973 47.80604807833276, -122.2065147934295 47.80603927446051, -122.206440363177 47.80601372462812, -122.20638129499416 47.805973929831204, -122.2063433708863 47.805923785461744, -122.2063303031293 47.8058682))","""{\""Monday\"":91,\""Tuesday\"":66,\""Wednesday\"":77,\""Thursday\"":81,\""Friday\"":128,\""Saturday\"":114,\""Sunday\"":91}""","""[1,3,1,0,5,1,2,7,11,11,14,48,90,53,41,49,60,69,94,53,62,21,0,2]""",98021,648.0,468.0,WA,"""{\""Western Union\"":130,\""Starbucks\"":116,\""Fred Meyer Jewelers\"":93,\""Keyme Kiosk\"":80,\""Kroger Pharmacy\"":74,\""Fred Meyer\"":70,\""Fred Meyer Pharmacy\"":51,\""Safeway\"":44,\""Shell Oil\"":41,\""Chase\"":38,\""Safeway Pharmacy\"":36,\""Safeway Fuel Station\"":27,\""7-Eleven\"":27,\""Panera Bread\"":26,\""Costco\"":25,\""Costco Gasoline\"":24,\""Costco Optical\"":21,\""Costco Pharmacy\"":21,\""Mattress Firm\"":21}""","""{\""Western Union\"":410,\""Starbucks\"":403,\""Keyme Kiosk\"":356,\""Shell Oil\"":288,\""Fred Meyer Jewelers\"":277,\""Safeway\"":263,\""Kroger Pharmacy\"":260,\""Safeway Pharmacy\"":234,\""Fred Meyer\"":225,\""L'Occitane\"":217,\""76\"":217,\""Subway\"":216,\""Fred Meyer Pharmacy\"":208,\""Costco\"":206,\""Chevron\"":193,\""CVS\"":182,\""Costco Optical\"":179,\""Costco Gasoline\"":174,\""Costco Pharmacy\"":173}""",SG_BRAND_87bd111b6dd52ef32eaf3abf6d509065,3543.0,21135 Bothell Everett Hwy,Limited-Service Restaurants,Restaurants and Other Eating Places,"""{\""US\"":465,\""CA\"":4}""","""{\""530610521071\"":14,\""530610519241\"":12,\""530610519263\"":12,\""530610519243\"":9,\""530610520072\"":7,\""530610519223\"":6,\""530610519252\"":6,\""530610519251\"":5,\""530610519254\"":5,\""530610520071\"":5,\""530610519211\"":4,\""530610519233\"":4,\""530610519242\"":4,\""530330218031\"":4,\""530610519261\"":4,\""530610520033\"":4,\""530610519182\"":4,\""530610519231\"":4,\""530610519163\"":4,\""530610521081\"":4,\""530610519171\"":4,\""530610521181\"":4,\""530610519222\"":4,\""530610519151\"":4,\""530330219063\"":4,\""530610519221\"":4,\""530610519271\"":4,\""530610519183\"":4,\""530330217005\"":4,\""530610419053\"":4,\""530610519154\"":4,\""530610521141\"":4,\""530610519232\"":4,\""530610519152\"":4,\""530330226034\"":4,\""530610520031\"":4,\""530330238043\"":4,\""530330323173\"":4}""","""{\""53061051925\"":34,\""53061051924\"":34,\""53061051926\"":19,\""53061051923\"":18,\""53061052107\"":18,\""53061051918\"":15,\""53061051922\"":14,\""53061052007\"":14,\""53061052003\"":13,\""53033021803\"":12,\""53061051916\"":11,\""53061051921\"":10,\""53061051915\"":9,\""53033021700\"":8,\""53061051917\"":8,\""53061052005\"":6,\""53061052108\"":5,\""53061052004\"":5,\""53061052115\"":5,\""53061041704\"":4,\""53061051927\"":4,\""53033023804\"":4,\""53061051905\"":4,\""53061052006\"":4,\""53033032307\"":4,\""53033021905\"":4,\""53061051928\"":4,\""53033022603\"":4,\""53033021903\"":4,\""53033032319\"":4,\""53061051802\"":4,\""53061041806\"":4,\""53033021906\"":4,\""53061052203\"":4,\""53061041601\"":4,\""53061052114\"":4,\""53061041905\"":4,\""53033021804\"":4,\""53061051500\"":4,\""53033021802\"":4,\""53033032309\"":4,\""53061041608\"":4,\""53061051400\"":4,\""53033032402\"":4,\""53033026200\"":4,\""53033032317\"":4,\""53061042001\"":4,\""53033029304\"":4,\""53033028402\"":4,\""53061041701\"":4,\""53063003500\"":4,\""53061052118\"":4,\""53033022101\"":4,\""53061051701\"":4,\""53061041703\"":4,\""53061041202\"":4,\""53033021300\"":4,\""53061041606\"":4}""","""{\""530610521071\"":17,\""530610519241\"":16,\""530610519263\"":15,\""530610519243\"":13,\""530610519252\"":13,\""530610519251\"":12,\""530610519223\"":10,\""530610520072\"":9,\""530610519233\"":8,\""530330218031\"":8,\""530610519254\"":7,\""530610519211\"":7,\""530610519231\"":6,\""530610519163\"":6,\""530610519184\"":6,\""530610520031\"":5,\""530610519242\"":5,\""530610520071\"":5,\""530610519261\"":4,\""530610519183\"":4,\""530610519232\"":4,\""530610519171\"":4,\""530610519271\"":4,\""530610520033\"":4,\""530610519161\"":4,\""530330323193\"":4,\""530610519182\"":4,\""530610518023\"":4,\""530610520034\"":4,\""530610417042\"":4,\""530610521081\"":4,\""530610519151\"":4,\""530610520053\"":4,\""530610521156\"":4,\""530330226034\"":4,\""530330217002\"":4,\""530330218034\"":4,\""530330323173\"":4,\""530610519152\"":4,\""530610521151\"":4,\""530610520042\"":4,\""530330262001\"":4,\""530610519162\"":4,\""530610522032\"":4,\""530610521181\"":4,\""530610519153\"":4,\""530330238041\"":4,\""530610519154\"":4,\""530610416011\"":4,\""530610418066\"":4,\""530610521141\"":4,\""530610519221\"":4,\""530630035001\"":4,\""530610519253\"":4,\""530330284024\"":4,\""530330218042\"":4,\""530330221013\"":4,\""530610417013\"":4,\""530330218022\"":4,\""530330219031\"":4,\""530610519213\"":4,\""530330217005\"":4,\""530610519173\"":4,\""530610520054\"":4,\""530330219063\"":4,\""530610519181\"":4,\""530610519172\"":4,\""530610519222\"":4,\""530330219051\"":4,\""530610419053\"":4,\""530330217003\"":4,\""530610519283\"":4,\""530610420013\"":4,\""530610520044\"":4}""","""[22,20,30,23,17,24,30,27,20,23,20,18,13,19,30,23,10,27,13,19,18,25,17,28,21,18,21,14,24,34]""",chipotle.com,1236.0
